sample_id,query,response,generation_time_s,persona_consistency,emotional_congruence,memory_utilization,relevance,coherence,helpfulness,empathy,politeness,safety,logical_consistency,conversational_continuity,groundedness
001,"If it worked for weekend mornings, I'd finally be consistent.",That sounds doable. Maybe setting a reminder right when you usually wake up could help. How does that sound?,5.7,0.5,0.75,0.0,0.75,1.0,0.5,0.5,1.0,1.0,1.0,1.0,1.0
002,I'll start logging every meal on my smartwatch from now on.,Great plan! And keeping track of what you eat will really help see patterns. Do you have a few meals or snacks you often forget to log? We can focus on those first.,6.82,0.5,0.5,0.0,1.0,1.0,0.75,0.75,1.0,1.0,1.0,1.0,1.0
003,Using the tablet for my ACL rehab might actually make me do it.,That sounds like a smart solution! Maybe we can even set up reminders or challenge yourself to beat the clock during certain exercises. How does that sound?,5.83,0.5,0.75,0.5,1.0,1.0,0.5,0.75,1.0,1.0,1.0,1.0,1.0
004,A timed bottle at my desk will help me stay hydrated while working.,That sounds perfect! It’ll make it easier to sip regularly without breaking your focus. How’s your water intake feeling today?,5.16,0.5,0.75,0.5,1.0,1.0,0.5,0.75,1.0,1.0,1.0,1.0,1.0
005,"If a nasal pillow stops the nose bridge pain, I'll use the CPAP every night.",That sounds like a good plan! It’s great you’re open to trying different options. Let’s see if the nasal pillow can make a difference for you. Have you used one before?,6.82,0.5,1.0,0.0,0.5,1.0,0.5,0.75,1.0,1.0,1.0,1.0,1.0
006,I'll start writing down my breakfast and dizzy spells on a notepad.,"Great plan! And if you notice any patterns or changes, we can discuss them together. How does your morning routine usually flow after the medication?",5.71,0.5,0.75,0.5,0.5,1.0,0.75,0.75,1.0,1.0,1.0,1.0,1.0
007,Adding a smart sensor to my inhaler would really help me track these allergy triggers.,That could make a big difference! It’s like having a personal assistant for your breathing. Want to set up a time to check out the options together?,5.97,0.5,0.75,0.0,0.75,1.0,0.25,1.0,1.0,1.0,1.0,1.0,1.0
008,Finding low-sodium recipes on Pinterest will make this diet much easier.,That's great to hear! It makes it more fun when you can find inspiration. Let's pin some yummy options for you. Do you have any favorite cuisines or flavors you're excited to try?,7.25,0.5,1.0,0.5,0.75,1.0,0.5,0.75,1.0,1.0,1.0,1.0,1.0
009,A background script for eye breaks is exactly what I need for my coding sessions.,Great idea! It can be tough to remember when you're really focused. Setting up that script sounds like it will help remind you to take those short breaks. How does that sound?,6.84,0.5,0.75,0.0,1.0,1.0,0.25,0.75,1.0,1.0,1.0,1.0,1.0
010,Using Alexa for vitamin reminders won't overwhelm her like a complex machine would.,That sounds good! Setting up a reminder could be very helpful and keep things simple. Do you want to try setting it up together? I can guide you through the process if you need.,6.98,0.5,0.75,0.5,1.0,1.0,0.75,0.75,1.0,1.0,1.0,1.0,1.0
011,An iPhone app to remind me to shift weight in my wheelchair would save my skin.,That sounds like a great idea! Have you checked out the ones from PressureRelief or Möbiie? They have good reviews and could really help with those early-stage symptoms.,6.55,0.5,0.5,0.5,1.0,0.75,0.25,0.5,1.0,0.75,0.75,1.0,0.25
012,A simple walker with bigger wheels might stop her from leaving it in the hall.,That could work! Maybe we can find one that's also easy to use and looks familiar to her. Have you shown her any options?,5.34,0.5,0.5,0.5,1.0,1.0,0.5,0.75,1.0,1.0,1.0,1.0,1.0
013,"If you could pick a non-slip transfer bench from my laptop search, it would help my hip.",Great idea! Let's narrow down the choices together. Do you have any specific price range or brand in mind that you like?,5.31,0.5,0.5,0.0,0.5,1.0,0.25,0.5,1.0,1.0,0.75,0.5,1.0
014,A one-button automatic cuff would let him manage his blood pressure independently again.,That sounds like it could make things much easier for both of you. Have you looked into any specific models that fit this description?,6.08,0.5,0.75,0.0,0.75,1.0,0.5,0.5,1.0,1.0,1.0,1.0,1.0
015,Syncing a power-assist wheel to my chair would definitely save my shoulders.,That sounds like a smart solution! It could really make your library visits more comfortable. Want to explore some options together? Maybe we can find one that fits well with your chair and needs.,6.83,0.5,0.75,0.8,1.0,1.0,0.5,1.0,1.0,1.0,0.75,1.0,1.0
016,A simple kitchen timer near her remote would remind her to stretch during commercials.,That’s a great idea! It should help keep those stretches on track. Maybe you could set it for a specific time during the commercial breaks she watches?,5.86,0.5,0.5,0.5,1.0,1.0,0.5,0.75,1.0,1.0,1.0,1.0,1.0
017,Installing motion-activated LED strips would keep him safe during his night trips.,That sounds like a thoughtful solution to ensure your husband’s safety. How about we start by setting up a small test area under the bed and see how it feels? It might help both of you adjust to the new setup.,7.73,0.5,0.75,0.8,1.0,1.0,0.5,0.75,1.0,1.0,1.0,1.0,1.0
018,Controlling the heat from my iPad would mean I don't have to wait for my son.,Exactly! It could really make those cold days more comfortable for you. Should we get started setting that up today?,4.72,0.5,0.5,0.0,0.0,1.0,0.5,0.75,1.0,1.0,0.75,1.0,1.0
019,Using tremor-filtering software would let me use my computer without clicking the wrong icons.,That sounds like it could really help streamline your workflow. Have you checked out SteadyMouse yet? It’s user-friendly and might just do the trick!,5.85,0.5,0.5,0.0,1.0,1.0,0.5,0.5,1.0,1.0,1.0,1.0,0.75
020,A simple alarm clock that says 'Medication' is better for me than a smart pillbox.,Got it! That should make it easier to hear and remember. How about setting the alarm for right after you wake up or before you start your morning routine?,5.99,0.5,0.5,0.8,0.25,1.0,0.5,0.75,1.0,1.0,1.0,1.0,1.0
021,A Bluetooth oximeter with large text on my phone would help me monitor my oxygen while walking.,That sounds like a great solution! It might make tracking easier and more comfortable for you during walks. Have you thought about checking if your current device can be paired with an app that has larger font settings?,7.39,0.5,0.5,0.5,0.5,1.0,0.25,0.75,1.0,1.0,1.0,1.0,1.0
022,"If you help me find the right compression stocking size online, I'll start wearing them to my shift.",Great plan! Let's find that sizing chart together so you can pick the perfect fit. How does that sound?,4.73,0.5,0.5,0.5,0.5,1.0,0.25,0.75,1.0,1.0,1.0,1.0,1.0
023,Using a motion-tracking app on my tablet will ensure my post-stroke arm lifts are effective.,That sounds like a smart plan! It’ll help keep your exercises precise and effective for your recovery. Do you want to set up the app today?,5.82,0.5,0.75,0.8,1.0,1.0,0.25,0.75,1.0,0.5,0.75,1.0,0.75
024,A color-coded cheat sheet on the fridge is better for my renal diet than a slow phone app.,Great idea! And maybe we can even add some yummy alternative snacks to make it more fun. What do you think about listing those as well?,5.71,0.5,0.25,0.0,0.5,0.75,0.25,0.75,1.0,1.0,0.75,1.0,1.0
025,A talking digital tire gauge would let me maintain my wheelchair pressure independently.,That would make it much easier for you! Do you think you might want to test one out at the store first to see how it feels?,5.56,0.5,0.5,0.0,1.0,1.0,0.25,0.75,1.0,1.0,1.0,1.0,1.0
026,A talking glucometer will help me manage my diabetes even with my blurry vision.,That’s great! It’ll make things a lot easier for you. Do you want to set up an appointment to get one today?,5.31,0.5,0.75,0.0,0.5,0.75,0.5,0.5,1.0,1.0,0.75,0.5,1.0
027,Watching a YouTube tutorial on safe wheelchair transfers should help my back pain.,Great choice! A visual guide will definitely make it clearer. Let's find that video together and get those steps down smooth and steady for you.,5.56,0.5,0.75,0.0,1.0,1.0,0.25,0.75,1.0,1.0,0.75,1.0,1.0
028,Checking portable ramp prices on my phone might be my ticket out of the house.,That’s a great idea! Getting outside can really boost your mood. Do you want me to look up some options quickly?,5.02,0.5,0.5,0.5,1.0,1.0,0.75,0.75,1.0,1.0,1.0,1.0,1.0
029,A simple heated foot warmer with a remote will help my circulation this winter.,Great choice! It should really help keep your feet warm and comfortable. Maybe you could try doing ankle pumps along with it to boost blood flow too.,5.85,0.5,0.75,0.5,0.75,1.0,0.25,0.5,1.0,1.0,0.75,1.0,1.0
030,I'll show my Apple Watch sleep data to the doctor to discuss this afternoon drowsiness.,That’s a great plan! It’ll help you and your doctor make an informed decision. Any other symptoms or changes you’ve noticed lately that we should mention?,6.13,0.5,0.75,0.0,1.0,1.0,0.5,0.75,1.0,1.0,1.0,1.0,1.0
031,"If you find a site with easy returns, I'll finally get some non-slip kitchen shoes.",That sounds like a good plan! It’ll give you peace of mind knowing your feet are safe. Which style do you think would be most comfortable?,5.85,0.5,0.75,0.0,0.25,1.0,0.25,0.75,1.0,1.0,1.0,1.0,1.0
032,Watching a video on magnetic buttons might solve my struggle with dressing myself.,That sounds like a practical solution! It could really make getting dressed easier. Do you want me to start looking for that video now?,5.26,0.5,0.75,0.5,1.0,1.0,0.5,0.75,1.0,1.0,1.0,1.0,1.0
033,"If I can export my Fitbit data, my cardiologist can see why my heart spikes on hills.",That's a great idea! Let's get that information ready. Do you want to start by opening the Fitbit app and navigating to your recent activity? I can guide you through it if you're not sure where to look.,8.07,0.5,0.5,0.5,0.75,1.0,0.75,0.75,1.0,1.0,0.75,1.0,1.0
034,Mirroring the chair's display to my phone would finally save my neck from all that strain.,"That sounds like it could make a big difference! Would you need help setting up the mirroring today, or do you have another plan in mind?",5.87,0.5,0.5,0.0,0.5,1.0,0.5,0.75,1.0,1.0,1.0,1.0,1.0
035,A timer cap on his insulin pen would help him know if he's already taken his dose.,That sounds like a great solution! It’ll give your father clear visual cues. Have you thought about how you could set up those times for him? Maybe we can figure out a routine that works best for both of you.,7.82,0.5,0.5,0.5,1.0,1.0,0.5,0.75,1.0,1.0,1.0,0.75,1.0
036,Checking a video for swing-clear hinges on my tablet might finally let me use the bathroom easily.,That’s great you’re looking into it! Sometimes small changes can make a big difference. Let me find that video and send it over to your tablet.,5.97,0.5,0.5,0.5,1.0,1.0,0.25,0.75,1.0,1.0,0.75,1.0,1.0
037,A smart air quality monitor will tell me if the basement is safe for my asthma.,That's a smart plan! It’ll help you stay informed and maybe even find ways to make the basement more breathable. Any tips on keeping it drier while you’re at it?,6.69,0.5,0.5,0.8,0.5,0.5,0.25,0.75,1.0,1.0,0.75,1.0,1.0
038,A high-leverage metal donner would help me put on compression socks despite my weak hands.,"That sounds like just the solution! It’ll be great to have an easier way to manage your sock routine. Do you think you'd feel more comfortable trying something with clear, simple instructions?",6.98,0.5,0.5,0.5,0.25,0.75,0.25,0.75,1.0,1.0,0.75,0.75,1.0
039,A smart water bottle with a long battery life would remind me to stay hydrated.,That sounds like a great idea! It’ll help keep track of your hydration without the hassle of daily charging. Want me to look into some options?,5.72,0.5,0.75,0.5,0.75,1.0,0.5,0.75,1.0,1.0,1.0,1.0,1.0
040,I'll start logging my skin chafing and my daily steps to show my prosthetist.,Great plan! Tracking both together should give you a clear picture of when adjustments might be needed. Feeling better already by taking this step?,5.38,0.5,0.5,0.0,1.0,1.0,0.5,0.75,1.0,1.0,0.75,1.0,1.0
041,"Perfect, let's get some of that tape before I actually end up on the floor!",That’s a smart plan! Having that tape handy will give you peace of mind. Do you want to go together or should I help you find something online?,5.98,0.5,0.75,0.5,1.0,1.0,0.5,0.75,1.0,1.0,1.0,1.0,1.0
042,I'm sold-that vibration feature is exactly what I need to stay in the loop.,That’s a fantastic solution! And it’ll save you from missing out on important deliveries. Do you want me to help find some options for a smart doorbell with that feature?,6.54,0.5,1.0,0.5,1.0,1.0,0.75,0.75,1.0,1.0,1.0,1.0,1.0
043,That would be a huge help; I'll tell my son to keep an eye out for your message.,Great plan! It’ll make a big difference staying warm and comfortable. Let me quickly look up some options and send them over so you have them ready.,5.84,0.5,1.0,0.5,0.0,1.0,0.25,0.75,1.0,1.0,0.75,1.0,1.0
044,"If those risers can save my knees, I'm definitely willing to give them a shot.",That sounds like a great plan! It’s all about making small adjustments that make a big difference. Let's find the right risers together and get you back on your feet easily.,6.66,0.5,1.0,0.8,1.0,1.0,0.25,1.0,1.0,1.0,0.75,1.0,1.0
045,I'll get on the computer now; hopefully that PDF has the fix for this noise!,"Great plan! And remember, sometimes just adjusting the volume or orientation can help too. Safe browsing and happy searching!",4.72,0.5,0.75,0.5,0.5,1.0,0.25,0.5,1.0,1.0,1.0,1.0,1.0
046,A 'one-click' tablet? That sounds like something even I can't mess up!,"Great to hear that! It’s amazing how technology can help bridge those gaps. Would you like me to send the details now, or do you want to think about it first?",6.51,0.5,0.75,0.5,0.75,1.0,0.25,0.5,1.0,1.0,1.0,1.0,1.0
047,I see a few options here; these long-handled ones look much more manageable.,Great idea! Sometimes seeing the tools can make it feel less daunting. Let me know if you need any help deciding or if there’s anything else you’d like to chat about.,6.36,0.5,0.75,0.0,0.75,1.0,0.25,0.75,1.0,1.0,1.0,1.0,1.0
048,That pole sounds like a lifesaver-I'd much rather stay firmly on the ground.,Great choice! It’ll make replacing the bulb quick and safe. Do you want me to look up some options for you right away?,5.28,0.5,0.75,0.8,1.0,1.0,0.75,0.5,1.0,1.0,0.75,1.0,1.0
049,Exactly! I'll put a slider board right by his bowl so there's no more guessing.,"Great idea! And maybe you can get everyone in the household to use it too, so feeding time becomes a team effort.",5.0,0.5,0.75,0.5,1.0,1.0,0.5,0.75,1.0,1.0,1.0,1.0,0.5
050,Found one with great reviews! I'll order this lumbar roll and see if my back improves.,That's a smart move! Having the right support can really make a difference as you work through those puzzles. I bet you’ll feel much better soon.,5.65,0.5,0.75,0.8,0.5,0.75,0.25,0.75,1.0,1.0,0.75,1.0,0.75
051,That is incredibly handy! I'm going to set up that Magnifier shortcut right now.,Great idea! Setting up a shortcut will make it super easy whenever you need to read those labels. Feeling more organized already?,4.95,0.5,1.0,0.5,1.0,1.0,0.5,0.75,1.0,1.0,1.0,1.0,1.0
052,"If it's just a simple foot switch, then I'm willing to give it a try.",Great choice! It’s small changes like that which can really help. Want to set a gentle reminder for yourself? Maybe something you do every time you change channels on the TV?,6.53,0.5,0.75,0.5,0.25,1.0,0.25,0.75,1.0,1.0,1.0,0.75,1.0
053,Great idea-Alexa's voice is much harder to ignore than my own conscience!,"That works wonders sometimes, doesn't it? Maybe add a fun fact or song as the reminder too—something light that’ll cheer you up before your walk.",5.99,0.5,1.0,0.8,1.0,1.0,0.5,0.75,1.0,1.0,1.0,1.0,1.0
054,Please do; I'd love to be able to enjoy a bowl of soup without the mess.,That sounds like it could really improve your dinner time. A weighted spoon might make a big difference. Would you like me to look up some trustworthy places where you can get one?,6.51,0.5,0.75,0.8,1.0,1.0,0.5,0.75,1.0,1.0,1.0,0.75,1.0
055,I'll go get some red tape now-anything to stop this chair from sliding away!,"That’s a great idea with the red tape. Adding a visual cue can really help. Let me know how it goes, and if there's anything else you need for reminders!",6.33,0.5,0.75,0.5,0.5,1.0,0.25,0.75,1.0,1.0,0.75,1.0,1.0
056,"Sent! Hopefully, my next refill won't be such a battle for my poor hands.",Great move emailing your pharmacist! You're tackling this smartly. How do you feel about taking that initiative?,4.58,0.5,0.75,0.8,0.75,0.75,0.5,0.75,1.0,1.0,1.0,0.5,1.0
057,"If I can make the text huge, I might actually finish the whole paper for once!",That sounds great! Starting with a larger font can make all the difference. Let’s set that up together.,4.57,0.5,0.75,0.5,1.0,1.0,0.5,0.75,1.0,1.0,1.0,1.0,1.0
058,That's a brilliant low-tech fix-I'll get one for the kitchen spices too!,Great idea! And having that turntable in both places will make reaching things so much easier. How does that sound?,4.85,0.5,1.0,0.5,1.0,1.0,0.5,0.75,1.0,1.0,1.0,1.0,1.0
059,Got it; I'll grab the tape measure and find some ramps that fit.,Great plan! Having those ramps should make your movements much smoother. Do you need any help measuring or finding a specific brand?,4.81,0.5,0.75,0.5,1.0,1.0,0.5,0.75,1.0,1.0,1.0,1.0,1.0
060,That would be such a relief; I'd finally stop pacing the floor whenever he's out.,That sounds like it could make a big difference. Setting up those alerts might give you both some peace of mind during his walks. When do you think we should set that up?,6.54,0.5,0.75,0.5,1.0,1.0,0.5,0.75,1.0,1.0,1.0,1.0,1.0
061,Thank goodness! My back has been driving me crazy all week.,You're welcome! And maybe try patting your skin gently after showers; it can help lock in moisture. Any other tips or products you've tried that work well?,6.07,0.5,0.5,0.5,0.0,0.25,0.0,0.25,0.75,1.0,0.25,0.5,1.0
062,Videos will be so much better-I've been guessing at those diagrams for days!,"That's great to hear you found a solution that works for you. Let's pick out some clear, concise videos together to make your PT easier and more enjoyable. Want me to start searching now?",6.91,0.5,1.0,1.0,1.0,1.0,0.75,0.75,1.0,1.0,1.0,1.0,1.0
063,I'll order one now; my arms will definitely thank me during movie night.,That’s a smart solution! And you’ll be able to breeze through the den without as much effort. How excited are you to try it out?,5.69,0.5,1.0,0.8,1.0,1.0,0.25,0.75,1.0,1.0,0.5,1.0,0.75
064,"If someone else can set it up, I'd love to actually follow a conversation again.",That sounds amazing! Maybe we could even make a video call together to practice once it’s all set up. It’ll be great to chat without the volume issues.,5.92,0.5,0.75,1.0,0.75,1.0,0.25,0.75,1.0,1.0,0.75,0.75,1.0
065,"I'll check those ratings now-safety first, especially in the bathroom!",Great approach! Safety really does come first. Let me know if you need any help comparing the options or if there’s anything else I can assist with while you’re choosing one.,6.55,0.5,1.0,0.0,1.0,1.0,0.5,0.75,1.0,1.0,1.0,1.0,1.0
066,"Perfect, that'll remind me to take a break from my book and help my ankles.",That sounds like a smart plan! And taking those breaks might also make reading more enjoyable. How’s your leg feeling now?,4.81,0.5,1.0,0.5,1.0,1.0,0.5,0.75,1.0,1.0,1.0,0.5,1.0
067,I can't wait to try those-it'll be so much easier than squinting at the panel!,That's great to hear! Having something simple and practical like that can really make mealtime smoother. Do you want me to help find some online or should we look for them in-store?,6.77,0.5,1.0,0.0,0.0,1.0,0.5,0.75,1.0,1.0,1.0,1.0,1.0
068,That's a great bribe! I'll save my favorite mystery series for tomorrow's session.,"Great idea! And who knew stretching could become an adventure in mystery? Enjoy your session, and let me know how it goes!",4.93,0.5,1.0,0.5,1.0,1.0,0.5,0.75,1.0,1.0,1.0,1.0,1.0
069,Understood. I'll make sure to keep the phone and cuff right by my bed.,Great plan! Having those readings will help us understand when the spikes happen and if any adjustments are needed. Does your doctor have specific times they recommend checking your blood pressure?,6.08,0.5,0.75,0.5,0.5,1.0,0.75,0.75,1.0,1.0,1.0,1.0,1.0
070,"Fantastic, a simple strap is all I need to feel safe closing the door.",That’s great to hear! A simple strap sounds like just what you need for ease and safety. Do you want some tips on where to look for one or how to install it?,6.7,0.5,1.0,0.5,1.0,1.0,0.5,0.75,1.0,1.0,1.0,1.0,1.0
071,That makes sense; I'm moving the cream to my nightstand tonight so I can't miss it.,Great plan! And maybe a small note on the tube could help jog your memory too. Good luck tonight!,4.56,0.5,0.75,0.5,1.0,1.0,0.75,0.75,1.0,1.0,1.0,1.0,1.0
072,A rechargeable dock is definitely going on my wishlist for my next pair of aids.,That’s a smart plan! Having less to worry about and more time to enjoy your hearing aids is great. Want to set a reminder for when you might upgrade?,6.27,0.5,0.75,0.0,1.0,1.0,0.5,0.75,1.0,1.0,1.0,1.0,1.0
073,Found one! This no-spill walker tray is exactly what I need for my morning coffee.,Great choice! Having that tray will make your mornings so much easier and safer. Enjoy your coffee in peace!,4.59,0.5,1.0,0.0,1.0,1.0,0.5,0.75,1.0,1.0,1.0,1.0,1.0
074,Let's set up a chocolate protein shake subscription to fix his diet gaps.,Great idea! It’ll make it easier for both of you and ensure he’s getting enough nutrients. Would you like some help setting that up?,5.56,0.5,0.75,0.8,1.0,1.0,0.5,0.75,1.0,1.0,0.75,1.0,1.0
075,Those grey non-marking tires sound like a lifesaver for my floors!,That’s great to hear! Having clean floors will definitely make your space more pleasant. Do you have a specific make and model of wheelchair? I can look up some options tailored to your chair.,6.97,0.5,1.0,0.8,0.75,1.0,0.75,0.5,1.0,1.0,1.0,1.0,1.0
076,Can you show me how those light-up dispensers work? I need a clear signal.,"Sure thing! You can set up your preferred times and types of pills, and then the dispenser will light up at the right time to remind you. It’s super handy and customizable. Want to check out some options together?",7.92,0.5,0.5,0.5,0.5,1.0,0.5,0.75,1.0,1.0,1.0,0.5,1.0
077,I'm going to look for a SilverSneakers morning routine on my iPad right away.,"Great plan! Stretching safely is key. Let me know how it goes, and if you need any more tips or a buddy to stretch with later.",5.99,0.5,0.5,0.5,0.25,1.0,0.25,0.75,1.0,1.0,1.0,1.0,1.0
078,Using a megaphone app on my phone is much better than straining my voice!,"That’s fantastic to hear you found a solution that works for you. Is there anything else you need help with today, or do you just want to chat about something else?",6.41,0.5,0.75,0.0,0.25,1.0,0.5,0.75,1.0,1.0,1.0,1.0,1.0
079,Shopping for a rocker knife on my phone will finally get me off my son's help.,"That sounds like a great plan! It'll be handy to have the options right at your fingertips. Do you want to start looking today, or take your time and pick the perfect one?",6.82,0.5,0.5,0.0,0.25,1.0,0.5,0.5,1.0,1.0,0.75,1.0,1.0
080,The CGM alert on my tablet would give me such peace of mind while she's napping.,That sounds like a great solution! It’ll help you stay informed and ensure she’s safe during those long naps. Do you think adding the CGM to her routine will be easy for both of you?,7.39,0.5,0.75,0.5,1.0,1.0,0.5,0.75,1.0,1.0,0.75,1.0,0.75
081,I'll make sure to ask my PT about a honeycomb cushion to stay cool.,"That’s a smart plan! A honeycomb cushion could really help with the airflow and keep you more comfortable. Looking forward to your next visit, you’ve got this!",6.28,0.5,0.75,0.5,1.0,1.0,0.5,1.0,1.0,1.0,1.0,1.0,1.0
082,I'm ordering some voice-boosting Bluetooth headphones today!,Great choice! Having those will really help with clarity. Let me know how they work out for you!,4.46,0.5,0.75,0.5,1.0,1.0,0.25,0.5,1.0,1.0,1.0,1.0,1.0
083,A mailbox sensor on my phone would definitely save me from rolling out for nothing.,That sounds like a great idea! It’ll make those days much easier. Have you looked into different smart mailbox sensors yet? I can help find some options if you need.,6.43,0.5,0.75,0.0,1.0,1.0,0.5,0.75,1.0,1.0,1.0,1.0,1.0
084,I'll call my handyman to put a folding seat in the bathroom this week.,"Great plan! It’ll make such a difference for your comfort and safety. Do you want me to remind you when it’s time to call him, or should I help with anything else?",6.95,0.5,0.5,0.5,1.0,1.0,0.5,1.0,1.0,1.0,1.0,1.0,1.0
085,I'll set those 4-hour reminders on my phone so I can keep knitting!,Great idea! And maybe even a little reminder sound that’s not too distracting while you’re concentrating on your patterns.,4.73,0.5,1.0,0.8,1.0,1.0,0.5,0.75,1.0,1.0,1.0,1.0,1.0
086,I'm going to watch a video on swing-clear hinges and try to fix this door!,"That’s great you’re tackling it yourself! Safety is so important, and DIY fixes can be really satisfying. Do you want some tips or links to get started?",6.13,0.5,1.0,0.5,0.5,1.0,0.5,0.75,1.0,1.0,1.0,1.0,1.0
087,A simple arrow sticker at the stairs will keep me from mixing up my legs.,"That’s smart and easy! If you need any more stickers or reminders around the house, just let me know. How are your steps going today?",5.73,0.5,0.5,0.0,1.0,1.0,0.5,0.75,1.0,1.0,1.0,1.0,1.0
088,I'm looking for a waterproof lap robe online right now to keep my legs warm.,"That’s a great plan! Having something tailored can really make a difference. Let me know how your search goes, and if there's anything else I can help with while you shop around.",6.81,0.25,0.75,0.0,0.0,0.75,0.0,0.75,1.0,1.0,0.75,1.0,1.0
089,I'll move that wooden chair today so I have a safe place to get dressed.,Great plan! Having that stable spot will really help. How does your morning routine feel with the new setup?,4.73,0.5,0.75,0.0,0.75,1.0,0.5,0.75,1.0,1.0,1.0,1.0,1.0
090,Showing him the video doorbell screen on my phone should help lower his anxiety.,That's a great approach! It’ll give both of you reassurance. Have you set up the video doorbell yet?,5.03,0.5,0.75,0.0,1.0,1.0,0.5,0.75,1.0,1.0,1.0,1.0,1.0
091,A simple vibrating watch would be a great way to remind me to breathe!,"That sounds like a good plan! It’s easy to get caught up in chores, so having a gentle reminder can really help. Let's set it up and see how it goes!",6.68,0.5,0.75,0.0,0.5,1.0,0.25,0.75,1.0,1.0,1.0,1.0,1.0
092,I'm going to measure my chair and look for those extensions on my laptop.,"That’s a great plan! Measure carefully, and you’ll find what works best for your comfort. If you need any recommendations or tips while searching, just let me know!",6.38,0.5,0.5,0.0,0.5,1.0,0.25,0.75,1.0,1.0,1.0,1.0,1.0
093,A magnetic glasses caddy on my phone search looks like the perfect solution!,Great idea! It’ll be much more discreet and convenient. Do you need help setting it up or finding one?,4.75,0.5,0.75,0.0,1.0,1.0,0.5,0.75,1.0,1.0,1.0,1.0,0.75
094,I'll ask the dialysis nurse for a lumbar pillow to help me stop slouching.,That’s a smart idea! Having some extra support should definitely make those sessions more comfortable. Do you feel ready to talk to the nurse about it?,5.73,0.5,0.75,0.5,1.0,1.0,0.5,0.75,1.0,1.0,1.0,1.0,1.0
095,I'm getting an Apple Watch to keep an eye on my heart while I garden.,That's a smart move! Having those alerts can really give you peace of mind. Do you have any specific features on the Apple Watch you’re particularly excited about using in your gardening?,6.68,0.5,1.0,0.5,1.0,1.0,0.5,0.75,1.0,1.0,1.0,1.0,1.0
096,A kitchen timer for my water breaks is exactly what I need for my puzzle time.,Great idea! It'll help you stay hydrated and focused on both tasks. Maybe set the timer for every 30 minutes to give yourself a little reminder.,5.99,0.5,0.5,0.8,1.0,1.0,0.5,0.75,1.0,1.0,1.0,1.0,1.0
097,I'll look for an electric toothbrush on my tablet to help with my hand cramps.,Great plan! Adding that extra support can really make brushing easier and more comfortable. Let me know if you need any recommendations or tips while you’re researching.,5.82,0.5,0.75,0.0,1.0,1.0,0.25,0.75,1.0,1.0,1.0,1.0,1.0
098,That HandyBar tool sounds like just the thing I need for my car transfers.,"Great to hear you found it helpful! Having something simple and effective can really make a difference. How does your local store have it in stock, or do you want me to look up where you might be able to get one easily?",8.07,0.5,0.75,0.5,1.0,0.75,0.5,0.75,1.0,1.0,0.75,1.0,0.75
099,A vibrating watch for phone calls will help me stay connected!,Great idea! And it's awesome that you're finding a tech solution that works well with your style. Have you thought about trying out a sample one to see how it feels?,6.54,0.5,1.0,0.5,0.5,1.0,0.25,0.75,1.0,1.0,1.0,1.0,1.0
100,I'm going to look for an ADA-compliant stove on my laptop today.,"Great plan! Safety is really important, and finding the right stove can make a big difference in your daily routine. Let me know if you need any help filtering through the options or comparing models.",6.98,0.5,0.75,0.5,0.5,1.0,0.25,0.75,1.0,1.0,1.0,1.0,1.0
