sample_id,query,response,generation_time_s,persona_consistency,emotional_congruence,memory_utilization,relevance,coherence,helpfulness,empathy,politeness,safety,logical_consistency,conversational_continuity,groundedness
001,"If it worked for weekend mornings, I'd finally be consistent.",Absolutely! Let's add a gentle reminder right after you wake up on weekends. How does that sound?,3.05,0.5,0.75,0.5,1.0,1.0,0.5,0.75,1.0,1.0,1.0,1.0,1.0
002,I'll start logging every meal on my smartwatch from now on.,Great! Setting up the digital log on your smartwatch will definitely help you keep track of everything better. How does it feel to have this reminder right at hand? Do you think you might be able to remember more meals that way?,4.83,0.5,0.5,0.5,1.0,1.0,0.5,0.75,1.0,1.0,1.0,1.0,1.0
003,Using the tablet for my ACL rehab might actually make me do it.,That could be really helpful! Let's look into finding a few good guided video apps that suit your preferences. How does that sound?,3.19,0.5,0.75,0.0,1.0,1.0,0.5,0.75,1.0,1.0,1.0,1.0,1.0
004,A timed bottle at my desk will help me stay hydrated while working.,"Absolutely! Having that reminder right where you work can make all the difference. Would you mind if we tweak your hydration plan slightly? How about adding another reminder, like a small sticker with a drop icon next to your computer screen? It could serve as both a visual cue and a gentle nudge to drink more throughout the day.",6.39,0.5,0.75,0.8,0.75,1.0,0.5,0.75,1.0,1.0,1.0,0.75,1.0
005,"If a nasal pillow stops the nose bridge pain, I'll use the CPAP every night.",Understood. Let’s start by finding a comfortable mask size online. Then we can decide if switching to a nasal pillow could help with the discomfort. How does that sound?,3.75,0.5,0.75,0.8,0.5,1.0,0.5,0.5,1.0,1.0,0.75,1.0,1.0
006,I'll start writing down my breakfast and dizzy spells on a notepad.,Great! Writing everything down can be really helpful. Do you want to start tomorrow or do you think you could make it a habit sooner?,3.28,0.5,0.5,0.0,1.0,1.0,0.5,0.5,1.0,1.0,1.0,1.0,1.0
007,Adding a smart sensor to my inhaler would really help me track these allergy triggers.,Great! The Propeller sensor can be very helpful in tracking your usage and identifying patterns during peak times. How does that sound? We can set it up and monitor your usage over the next few weeks together.,4.42,0.5,0.75,0.8,1.0,1.0,0.5,0.75,1.0,1.0,1.0,1.0,1.0
008,Finding low-sodium recipes on Pinterest will make this diet much easier.,Absolutely! Let's start by creating a few boards dedicated to low-sodium recipes. How does that sound? We can include some of your favorite cuisines or even just simple meal ideas.,4.03,0.5,0.75,0.8,0.5,1.0,0.5,0.75,1.0,1.0,1.0,0.25,1.0
009,A background script for eye breaks is exactly what I need for my coding sessions.,Great to hear you're tech-savvy! Let's set up the script right away and see how it works for you during your next session.,3.43,0.5,0.75,0.5,0.5,1.0,0.25,0.5,1.0,1.0,0.75,1.0,1.0
010,Using Alexa for vitamin reminders won't overwhelm her like a complex machine would.,Great! Setting up a simple voice reminder in the morning should help keep her on track without feeling stressed. What day and time do you think would work best?,3.61,0.5,0.75,1.0,1.0,1.0,0.75,0.75,1.0,1.0,1.0,1.0,1.0
011,An iPhone app to remind me to shift weight in my wheelchair would save my skin.,Sounds like a great idea. Maybe we can set up a reminder for you and see how it goes. Would you like to try that out?,3.26,0.5,0.5,0.0,0.75,1.0,0.25,0.5,1.0,1.0,1.0,1.0,1.0
012,A simple walker with bigger wheels might stop her from leaving it in the hall.,Exactly! A walker that’s easier to maneuver could encourage her to stay with it when needed. What do you think? Would she find that more acceptable?,3.44,0.5,0.5,0.0,1.0,1.0,0.5,0.75,1.0,1.0,0.75,1.0,1.0
013,"If you could pick a non-slip transfer bench from my laptop search, it would help my hip.",Sure thing! Let me find one that fits your tech comfort and safety preference. How about we look at some models with high-quality non-slip grips? I'll narrow down the options for you.,4.25,0.5,0.75,0.5,0.0,0.75,0.25,0.75,1.0,1.0,0.75,0.75,1.0
014,A one-button automatic cuff would let him manage his blood pressure independently again.,That sounds like it could make a huge difference for your father. Would you like to explore some options together?,2.71,0.5,0.75,0.5,1.0,1.0,0.5,1.0,1.0,1.0,1.0,1.0,1.0
015,Syncing a power-assist wheel to my chair would definitely save my shoulders.,That sounds like it could really help ease your discomfort. Would you like some tips on where to find more information or how to set it up?,3.28,0.5,0.75,0.5,1.0,1.0,0.5,0.75,1.0,1.0,1.0,1.0,1.0
016,A simple kitchen timer near her remote would remind her to stretch during commercials.,"That sounds like a good plan! How about setting it for 10 minutes each time? That way, she can easily start and stop the stretches herself. Would you mind trying that out with your mother tomorrow?",4.43,0.5,0.5,0.8,1.0,1.0,0.5,0.75,1.0,1.0,0.75,1.0,0.5
017,Installing motion-activated LED strips would keep him safe during his night trips.,That sounds like a fantastic solution! We could also add some ambient lighting in key areas to help reduce tripping hazards. What do you think?,3.29,0.5,1.0,0.5,1.0,1.0,0.5,0.75,1.0,1.0,1.0,1.0,1.0
018,Controlling the heat from my iPad would mean I don't have to wait for my son.,"Absolutely! Let's start by setting up a few easy buttons on your iPad, like ""Warm"" and ""Cold,"" so you can adjust the temperature yourself whenever needed. How does that sound?",4.1,0.5,0.5,0.5,0.0,1.0,0.5,0.75,1.0,1.0,0.75,1.0,1.0
019,Using tremor-filtering software would let me use my computer without clicking the wrong icons.,Great! Installing a software like TremorFilter could really help with your daily tasks. Do you want to look into some options together?,3.13,0.5,0.5,0.0,1.0,1.0,0.5,0.75,1.0,1.0,1.0,1.0,0.75
020,A simple alarm clock that says 'Medication' is better for me than a smart pillbox.,Got it. A simple alarm could work well for you. Do you want to set it up right away or do you need some more advice on how to use it effectively?,3.78,0.5,0.5,0.5,1.0,1.0,0.5,0.5,1.0,1.0,1.0,1.0,1.0
021,A Bluetooth oximeter with large text on my phone would help me monitor my oxygen while walking.,Great! We can definitely look into getting you a Bluetooth oximeter with larger text display for easier monitoring during your walks. Do you want to start looking into options or do you need more information before we proceed?,4.42,0.5,0.5,0.5,1.0,1.0,0.25,0.75,1.0,1.0,1.0,1.0,1.0
022,"If you help me find the right compression stocking size online, I'll start wearing them to my shift.",Great! Let's do that. Do you mind if we look for a reliable store or website where they provide fitting guides?,3.05,0.5,0.5,0.5,1.0,1.0,0.5,0.5,1.0,1.0,1.0,1.0,1.0
023,Using a motion-tracking app on my tablet will ensure my post-stroke arm lifts are effective.,Great to hear that you're considering such technology. It sounds like an excellent way to stay consistent and get the right form. Do you think you might try setting up the app next week?,4.08,0.5,0.75,0.5,0.5,1.0,0.25,0.75,1.0,0.5,0.75,1.0,1.0
024,A color-coded cheat sheet on the fridge is better for my renal diet than a slow phone app.,"Great! Making sure you stick to your dietary restrictions can be tough with an old device, but this physical cheat sheet will definitely help keep you on track. Do you think you could put up some reminders or color codes yourself?",4.65,0.5,0.5,0.8,0.5,0.75,0.25,0.75,1.0,1.0,0.75,1.0,1.0
025,A talking digital tire gauge would let me maintain my wheelchair pressure independently.,That sounds like it could really improve your independence. Do you think you'd use such a device?,2.55,0.5,0.75,0.0,0.75,0.75,0.25,0.75,1.0,1.0,1.0,1.0,1.0
026,A talking glucometer will help me manage my diabetes even with my blurry vision.,"Absolutely, that’s a great step forward. It sounds like it can make your daily routine much smoother.",2.62,0.5,0.75,0.0,0.5,1.0,0.25,0.5,1.0,1.0,1.0,1.0,1.0
027,Watching a YouTube tutorial on safe wheelchair transfers should help my back pain.,Great! Let's go ahead and watch that tutorial together to make sure you're doing it safely.,2.56,0.5,0.75,0.0,0.75,1.0,0.25,0.75,1.0,1.0,0.75,1.0,1.0
028,Checking portable ramp prices on my phone might be my ticket out of the house.,Sure thing! Let's look at a few options that are easy to set up and won't cost too much. How does it sound if we narrow down some affordable and convenient solutions?,3.95,0.5,0.5,0.0,1.0,1.0,0.25,0.5,1.0,1.0,1.0,1.0,1.0
029,A simple heated foot warmer with a remote will help my circulation this winter.,Great! A simple heated foot warmer should do wonders for your circulation. Would you like some tips on how to remember to use it regularly?,3.27,0.5,0.75,0.5,1.0,1.0,0.25,0.5,1.0,1.0,0.75,1.0,1.0
030,I'll show my Apple Watch sleep data to the doctor to discuss this afternoon drowsiness.,Great! Showing your Apple Watch data can really help them understand how it's impacting you. Let’s make an appointment right away. How does that sound?,3.5,0.25,0.5,0.5,0.5,0.5,0.25,0.75,0.75,1.0,0.5,0.5,0.75
031,"If you find a site with easy returns, I'll finally get some non-slip kitchen shoes.",Got it! Let's start by finding a few trustworthy sites with easy return policies. We can compare them together and decide which one would be best for you. How does that sound?,4.02,0.5,0.75,0.5,1.0,1.0,0.25,0.75,1.0,1.0,1.0,1.0,1.0
032,Watching a video on magnetic buttons might solve my struggle with dressing myself.,That sounds like it could really help simplify your routine. I’ll find that video and share it with you this week.,2.81,0.5,0.75,0.0,1.0,1.0,0.5,0.75,1.0,1.0,0.75,1.0,0.5
033,"If I can export my Fitbit data, my cardiologist can see why my heart spikes on hills.","Absolutely, let's get that organized. Do you remember when your last uphill push was? That will help start the log.",3.02,0.5,0.5,0.5,0.0,0.75,0.25,0.5,1.0,1.0,0.75,1.0,1.0
034,Mirroring the chair's display to my phone would finally save my neck from all that strain.,Great! Let’s start by ensuring your phone is compatible and set up correctly with the wheelchair controller. I’ll help you through the initial setup steps.,3.43,0.5,0.5,0.8,0.0,0.75,0.25,0.5,0.75,1.0,0.75,1.0,1.0
035,A timer cap on his insulin pen would help him know if he's already taken his dose.,That sounds like a great solution. Maybe we should look into getting that smart insulin pen cap for your father? It could really make managing his diabetes easier and more consistent.,3.69,0.5,0.5,0.8,1.0,1.0,0.5,0.75,1.0,1.0,1.0,1.0,1.0
036,Checking a video for swing-clear hinges on my tablet might finally let me use the bathroom easily.,"Great! Letting you know, there are plenty of guides online too if you prefer watching or reading. I'll send both options to your tablet so you have more choices. Hope it works out for you!",4.41,0.5,0.5,0.5,0.75,0.75,0.25,0.5,1.0,1.0,0.75,1.0,0.75
037,A smart air quality monitor will tell me if the basement is safe for my asthma.,Great! Having that monitor will definitely help you stay on top of the situation. Do you want to set it up this week? Or would you prefer I help you find the best one and set it up myself?,4.42,0.5,0.5,0.0,0.25,0.75,0.25,0.75,1.0,1.0,0.5,1.0,0.5
038,A high-leverage metal donner would help me put on compression socks despite my weak hands.,That sounds perfect! I’ll look into finding you a robust metal donner that can assist without too many parts for easy use. How does that sound?,3.43,0.5,0.5,0.5,1.0,1.0,0.25,0.75,1.0,1.0,1.0,1.0,1.0
039,A smart water bottle with a long battery life would remind me to stay hydrated.,Great! A reminder system could really help you remember to drink enough throughout the day. Let's look into some options that don't require daily charging and see how we can make it even more effective for your routine.,4.43,0.5,0.75,0.5,0.75,1.0,0.25,0.75,1.0,1.0,1.0,1.0,1.0
040,I'll start logging my skin chafing and my daily steps to show my prosthetist.,Great plan! Keeping track of both will really help them understand how you’re adapting to any changes. Let me know if you need more tips on tracking this at home.,3.75,0.5,0.75,0.5,1.0,1.0,0.5,0.75,1.0,1.0,1.0,1.0,1.0
041,"Perfect, let's get some of that tape before I actually end up on the floor!",Great idea! Finding the right tape shouldn’t be too hard. Let’s grab some and make sure your bedroom is safer for you.,3.13,0.5,0.75,0.5,0.5,1.0,0.25,0.75,1.0,1.0,1.0,1.0,1.0
042,I'm sold-that vibration feature is exactly what I need to stay in the loop.,Perfect! Setting up that smart doorbell will definitely make things more reliable for you. Have you considered any other tech solutions to streamline your life in general?,3.43,0.5,0.75,0.5,0.25,0.75,0.25,0.5,1.0,1.0,1.0,0.75,1.0
043,That would be a huge help; I'll tell my son to keep an eye out for your message.,Sounds like you're doing a great job managing things. Let's see if we can find that special glove together and make sure it gets ordered quickly.,3.37,0.5,1.0,0.0,0.0,1.0,0.25,0.75,1.0,1.0,0.5,0.25,0.75
044,"If those risers can save my knees, I'm definitely willing to give them a shot.",Great! Let's start by finding some affordable and reliable riser solutions online. Would you like me to look up some options for you?,3.21,0.5,0.75,0.0,1.0,1.0,0.75,0.5,1.0,1.0,1.0,1.0,1.0
045,I'll get on the computer now; hopefully that PDF has the fix for this noise!,"Great, let's keep it organized. Checking the troubleshooting section should help you find what you need. Feeling more confident already?",2.95,0.25,0.75,0.0,0.25,0.75,0.25,0.5,0.75,1.0,1.0,0.75,0.75
046,A 'one-click' tablet? That sounds like something even I can't mess up!,That’s great to hear! Using the tablet would definitely make things easier. Let me know if you need any more assistance with setting it up.,3.25,0.5,0.75,0.5,0.75,1.0,0.25,0.5,1.0,1.0,1.0,1.0,1.0
047,I see a few options here; these long-handled ones look much more manageable.,Great choice! They should make reaching your feet much easier. Let me know if you need any more help finding one or adjusting to using them.,3.2,0.5,0.75,0.5,1.0,1.0,0.5,0.75,1.0,1.0,1.0,1.0,1.0
048,That pole sounds like a lifesaver-I'd much rather stay firmly on the ground.,"Got it, staying grounded is definitely safer for now. I can help you find some reliable manual tools to make your kitchen light replacement easier.",3.19,0.5,0.75,0.8,1.0,1.0,0.5,0.5,1.0,1.0,0.75,1.0,1.0
049,Exactly! I'll put a slider board right by his bowl so there's no more guessing.,Great idea! Having the board near the dog’s food dish will make it super easy to remember. How does that sound?,2.92,0.5,0.75,0.8,1.0,1.0,0.5,0.75,1.0,1.0,1.0,1.0,1.0
050,Found one with great reviews! I'll order this lumbar roll and see if my back improves.,Great choice to look up a lumbar roll online. It's good you're proactive in finding solutions. Let me know how your back feels after using it for a while.,4.16,0.5,0.75,0.8,1.0,1.0,0.5,0.75,1.0,1.0,1.0,1.0,1.0
051,That is incredibly handy! I'm going to set up that Magnifier shortcut right now.,"Sweet, setting up shortcuts can really save time and keep everything organized. Let me know if you need any more tips for your kitchen setup.",3.22,0.5,1.0,0.0,0.25,1.0,0.25,0.5,1.0,1.0,0.5,1.0,0.75
052,"If it's just a simple foot switch, then I'm willing to give it a try.",Sure thing! How about we look for a few options together and see which one feels most comfortable?,2.54,0.5,0.75,0.0,0.75,1.0,0.5,0.75,1.0,1.0,1.0,1.0,1.0
053,Great idea-Alexa's voice is much harder to ignore than my own conscience!,"Absolutely, having that gentle nudge from Alexa could really help you stay on track. Shall we also tweak the settings so it plays a cheerful music playlist during those walks? It might make exercising more enjoyable and easier to remember.",4.6,0.5,1.0,0.8,0.75,1.0,0.5,0.75,1.0,1.0,1.0,0.75,0.75
054,Please do; I'd love to be able to enjoy a bowl of soup without the mess.,"Absolutely, let me find some options for you. Would you prefer me to look up reviews on trusted sites or provide more information on how to spot scams?",3.45,0.5,0.75,0.5,0.0,0.5,0.0,0.25,1.0,1.0,0.25,1.0,1.0
055,I'll go get some red tape now-anything to stop this chair from sliding away!,Great idea with the red tape. It's comforting to know you're taking proactive steps.,2.29,0.5,0.5,0.0,0.75,0.75,0.25,0.5,1.0,1.0,0.75,1.0,1.0
056,"Sent! Hopefully, my next refill won't be such a battle for my poor hands.",I hope your email went through smoothly. Let me know if you need any more assistance with this or anything else related to managing your prescriptions.,3.21,0.5,0.5,0.0,0.5,1.0,0.5,0.5,1.0,1.0,1.0,1.0,1.0
057,"If I can make the text huge, I might actually finish the whole paper for once!",That’s great news! Finishing a whole newspaper would be awesome. Let me know if you need help adjusting the settings or finding good apps that work well with enlarging text.,3.86,0.25,0.5,0.5,0.5,0.75,0.25,0.75,1.0,1.0,0.5,1.0,0.75
058,That's a brilliant low-tech fix-I'll get one for the kitchen spices too!,Great idea! Having those accessible will make daily life so much easier. How about we also look into some adhesive hooks that could help with hanging items on the wall?,3.6,0.5,1.0,0.5,0.5,1.0,0.5,0.75,1.0,1.0,0.75,0.5,1.0
059,Got it; I'll grab the tape measure and find some ramps that fit.,Sounds like you’re taking good care of your home adjustments. Measuring everything precisely will ensure a smooth transition for your walker. Let me know if you need any more tips!,3.68,0.5,0.75,0.8,1.0,1.0,0.5,0.75,1.0,1.0,1.0,1.0,1.0
060,That would be such a relief; I'd finally stop pacing the floor whenever he's out.,Great! Setting that up will definitely give you peace of mind. How does it sound to add reminders for regular check-ins with him during his walk?,3.37,0.5,0.75,0.8,0.75,1.0,0.5,0.75,1.0,1.0,0.75,0.75,1.0
061,Thank goodness! My back has been driving me crazy all week.,You're welcome! Let's also check if your skin might benefit from a gentle exfoliation once in a while to help with that dryness. Have you considered using a soft washcloth or loofah?,4.27,0.0,0.25,0.5,0.0,0.25,0.0,0.25,0.5,1.0,0.25,0.5,0.75
062,Videos will be so much better-I've been guessing at those diagrams for days!,Great to hear videos will be helpful. I’ll find the best playlist for your routine and send it over. How does that sound?,3.03,0.5,1.0,0.8,1.0,1.0,0.5,0.75,1.0,1.0,0.75,1.0,0.5
063,I'll order one now; my arms will definitely thank me during movie night.,Got it! Ordering a chair mat sounds like a great solution. Let me know if you need any help with the purchase or installation. Your arms will surely appreciate it by movie time.,3.93,0.5,1.0,0.8,0.0,1.0,0.25,0.75,1.0,1.0,0.75,1.0,0.75
064,"If someone else can set it up, I'd love to actually follow a conversation again.",Sure thing! Let’s start by looking into the options available and finding a suitable helper service. Would you like me to look into that right now?,3.28,0.5,0.75,0.5,1.0,1.0,0.25,0.5,1.0,1.0,0.75,1.0,1.0
065,"I'll check those ratings now-safety first, especially in the bathroom!","Great, let’s double-check those ratings to ensure you find a reliable grab bar. Safety always comes first, especially when dealing with shower falls.",3.27,0.5,0.75,0.5,1.0,1.0,0.25,0.75,1.0,1.0,1.0,0.5,1.0
066,"Perfect, that'll remind me to take a break from my book and help my ankles.",That's a great plan! Setting reminders will definitely help with keeping track of elevating your legs. Do you think you might also benefit from tracking how often you're able to follow through? Maybe we could add another reminder to check on this progress next week.,5.09,0.25,1.0,0.8,1.0,1.0,0.5,0.75,1.0,1.0,1.0,1.0,1.0
067,I can't wait to try those-it'll be so much easier than squinting at the panel!,"Great! A few days from now, we should have your tactile dot pack ready. How does that sound?",2.71,0.5,1.0,0.5,1.0,1.0,0.5,0.5,1.0,1.0,1.0,1.0,0.25
068,That's a great bribe! I'll save my favorite mystery series for tomorrow's session.,Absolutely! Setting a specific reward like your favorite series can really boost your motivation. How about you try listening to one episode during each block of stretching?,3.27,0.5,1.0,0.5,1.0,1.0,0.5,0.75,1.0,1.0,0.75,1.0,1.0
069,Understood. I'll make sure to keep the phone and cuff right by my bed.,Great! Having everything ready near your bed will help you stay on top of this. Any other concerns or if there's anything specific we should look out for?,3.44,0.5,0.75,0.0,1.0,1.0,0.5,0.5,1.0,1.0,1.0,1.0,1.0
070,"Fantastic, a simple strap is all I need to feel safe closing the door.","Great! A simple door pull strap will definitely make your life easier and safer. If you need any more assistance with other things, just let me know.",3.44,0.5,1.0,0.5,1.0,1.0,0.5,0.75,1.0,1.0,0.75,1.0,1.0
071,That makes sense; I'm moving the cream to my nightstand tonight so I can't miss it.,"Great idea! Having a clear and visible spot will definitely help you remember to apply your cream. Feel better, and take care of those feet!",3.28,0.5,0.75,0.5,1.0,1.0,0.5,0.75,1.0,1.0,1.0,1.0,1.0
072,A rechargeable dock is definitely going on my wishlist for my next pair of aids.,"Great to hear you're open to exploring more convenient options! Maybe we can find ways to make the process a little easier for now too, like using a magnet tool with your current batteries?",4.08,0.5,0.75,0.5,0.25,1.0,0.5,0.75,1.0,1.0,0.75,0.5,1.0
073,Found one! This no-spill walker tray is exactly what I need for my morning coffee.,"Great, that sounds like it's going to make your mornings much smoother! Enjoy your coffee in style.",2.6,0.5,1.0,0.0,1.0,1.0,0.5,0.75,1.0,1.0,1.0,1.0,1.0
074,Let's set up a chocolate protein shake subscription to fix his diet gaps.,Great idea! How about we start by checking if he has any dietary restrictions or allergies that might affect these shakes?,2.81,0.5,0.75,0.0,1.0,1.0,0.75,0.5,1.0,1.0,1.0,1.0,1.0
075,Those grey non-marking tires sound like a lifesaver for my floors!,Glad to hear you're finding solutions. Let's look into that right away and see if we can get those grey non-marking tires ordered for you.,3.5,0.5,0.75,0.0,1.0,1.0,0.25,0.5,1.0,1.0,1.0,1.0,1.0
076,Can you show me how those light-up dispensers work? I need a clear signal.,Sure thing! They usually have bright indicator lights and sometimes even vibrations for added alertness. Would it help to see some pictures?,3.1,0.5,0.5,0.5,0.5,1.0,0.25,0.75,1.0,1.0,0.75,1.0,1.0
077,I'm going to look for a SilverSneakers morning routine on my iPad right away.,Great! Let's set up a plan. How about trying out one of the seated stretches first and see how it goes?,3.04,0.5,0.5,0.5,0.25,1.0,0.25,0.75,1.0,1.0,0.75,0.75,1.0
078,Using a megaphone app on my phone is much better than straining my voice!,Great to hear that the megaphone app is making things easier for you. Do you have any favorite settings or tips for using it effectively?,3.28,0.5,0.75,0.0,1.0,1.0,0.5,0.75,1.0,1.0,1.0,1.0,1.0
079,Shopping for a rocker knife on my phone will finally get me off my son's help.,"Great! Finding the right tool can really boost your confidence at mealtime. Let’s see, maybe look into adaptive cutlery designed specifically for those with grip issues. Have you considered checking out websites dedicated to assistive devices yet? They often have a wide variety and helpful reviews.",5.57,0.5,0.5,0.8,0.5,1.0,0.5,0.75,1.0,1.0,0.75,0.5,1.0
080,The CGM alert on my tablet would give me such peace of mind while she's napping.,"Absolutely, having a real-time alert system will definitely help you feel more at ease during her nap time. How about setting up notifications for specific low or high blood sugar levels?",3.79,0.5,0.75,0.8,1.0,1.0,0.5,0.75,1.0,1.0,1.0,1.0,1.0
081,I'll make sure to ask my PT about a honeycomb cushion to stay cool.,Sounds like you’re taking the right steps by consulting with your physical therapist. A breathable honeycomb cushion could really help manage that discomfort. Keep me updated on what they suggest!,3.77,0.5,0.75,0.8,1.0,1.0,0.5,0.75,1.0,1.0,1.0,1.0,1.0
082,I'm ordering some voice-boosting Bluetooth headphones today!,Awesome choice! They'll really help you hear everything clearly. Enjoy your shopping and let me know if you need any more tips once they arrive.,3.29,0.5,1.0,0.5,1.0,1.0,0.25,0.5,1.0,1.0,0.75,1.0,1.0
083,A mailbox sensor on my phone would definitely save me from rolling out for nothing.,Sure thing! How about setting up a reminder on your phone to check if it’s ready?,2.48,0.25,0.5,0.5,0.25,0.5,0.0,0.25,0.75,1.0,0.75,0.25,0.75
084,I'll call my handyman to put a folding seat in the bathroom this week.,Great! Installing a folding seat will definitely make your hygiene tasks safer and more comfortable. Let me know if you need any other tips to stay organized while you wait for it to be installed.,4.08,0.5,0.5,0.8,1.0,1.0,0.5,0.5,1.0,1.0,1.0,1.0,1.0
085,I'll set those 4-hour reminders on my phone so I can keep knitting!,Great idea! How about also setting a gentle notification right after you place your eye drops to remind you to blink and apply more? It might help you remember better.,3.63,0.5,0.75,0.0,0.0,1.0,0.25,0.5,1.0,1.0,0.5,1.0,0.5
086,I'm going to watch a video on swing-clear hinges and try to fix this door!,"Great, let’s get that fixed. Watching a tutorial might be easier than you think. Good luck with the project!",2.89,0.5,1.0,0.5,1.0,1.0,0.25,0.5,1.0,1.0,1.0,0.75,1.0
087,A simple arrow sticker at the stairs will keep me from mixing up my legs.,"That sounds like it’s going to work really well for you. If you need any more reminders, just let me know!",2.97,0.5,0.5,0.0,0.5,1.0,0.25,0.75,1.0,1.0,0.75,1.0,1.0
088,I'm looking for a waterproof lap robe online right now to keep my legs warm.,Found something that looks really cozy and waterproof—it might just do the trick!,2.12,0.5,0.75,0.0,0.5,0.75,0.0,0.5,1.0,1.0,0.5,1.0,1.0
089,I'll move that wooden chair today so I have a safe place to get dressed.,Great! Moving your old armchair is a smart solution. Having something firm and stable underfoot should help you stay balanced in the mornings.,3.17,0.5,0.75,0.5,0.25,1.0,0.25,0.5,1.0,1.0,0.75,1.0,0.5
090,Showing him the video doorbell screen on my phone should help lower his anxiety.,Great! Just confirming and showing him the video door bell screen could make a big difference in building his trust. Let’s plan to try this out next time you need to check if someone is at the door. How does that sound?,4.73,0.5,0.75,0.0,1.0,1.0,0.5,0.75,1.0,1.0,0.75,1.0,1.0
091,A simple vibrating watch would be a great way to remind me to breathe!,Great idea! How about we look into some options together?,1.9,0.5,0.5,0.0,0.75,1.0,0.25,0.75,1.0,1.0,1.0,1.0,1.0
092,I'm going to measure my chair and look for those extensions on my laptop.,"Great, measuring the chair will be very helpful. Let's find a good extension that fits perfectly. Good luck with your search!",3.03,0.5,0.5,0.0,0.75,0.75,0.25,0.5,1.0,1.0,1.0,1.0,1.0
093,A magnetic glasses caddy on my phone search looks like the perfect solution!,Great idea to use a magnetic holder on your phone. It sounds like finding something that works with what you already have will be really helpful.,3.22,0.5,0.75,0.5,1.0,0.75,0.25,0.5,1.0,1.0,1.0,1.0,1.0
094,I'll ask the dialysis nurse for a lumbar pillow to help me stop slouching.,Great! Asking about that pillow will definitely make things easier for you during your sessions. Let me know how it goes.,2.88,0.5,0.75,0.5,1.0,1.0,0.5,0.75,1.0,1.0,1.0,1.0,1.0
095,I'm getting an Apple Watch to keep an eye on my heart while I garden.,That sounds like a smart choice to have both features. It’ll help you stay safe and take breaks as needed during your gardening sessions.,3.12,0.5,0.75,0.5,1.0,0.75,0.25,0.75,1.0,1.0,1.0,1.0,1.0
096,A kitchen timer for my water breaks is exactly what I need for my puzzle time.,Great idea! Let's set the timer to go off every 30 minutes during your crossword puzzles. What do you think?,3.03,0.5,0.5,0.5,1.0,1.0,0.5,0.5,1.0,1.0,1.0,0.5,0.75
097,I'll look for an electric toothbrush on my tablet to help with my hand cramps.,Great! Finding the right tool is half the battle. You might want to start by checking out reviews or watching some quick videos online to see which features suit your needs best.,3.77,0.5,0.75,0.0,0.5,1.0,0.25,0.5,1.0,1.0,1.0,1.0,1.0
098,That HandyBar tool sounds like just the thing I need for my car transfers.,Great! The HandyBar can make those transfers much safer and easier. Would you like to order one or do you prefer if I help you find more information?,3.5,0.5,0.75,0.5,1.0,1.0,0.5,0.75,1.0,1.0,1.0,1.0,1.0
099,A vibrating watch for phone calls will help me stay connected!,Great to hear that a vibrating watch sounds like it will solve your concerns well. It’s reassuring to know you trust technology so much. Do you have any specific brand or model in mind?,4.02,0.5,0.75,0.5,0.5,1.0,0.5,0.5,1.0,1.0,0.75,1.0,1.0
100,I'm going to look for an ADA-compliant stove on my laptop today.,"Great, let's start by checking out some reliable sites for ADA-compliant stoves. You might find what you need quickly!",3.04,0.5,0.75,0.0,1.0,1.0,0.25,0.5,1.0,1.0,1.0,1.0,1.0
